JobTitleClean,DepartmentClean,TemplateCount,SupervisorCount,EmployeeTypeCount,MinJaccard,MedianJaccard,MaxJaccard,Severity,MostDivergentPair,AOnlySample,BOnlySample
program assistant,fsy programs,6,5,1,0.2,0.3571,0.5385,2.307692,"(full time, SUP_f3712739) vs (full time, SUP_bbee4f71)","dce.admin, dce.yp.admin, hceb rm 350 and 351 marketing","dce.box.ceefyfsyhistoricaldata, dce.box.cefsyhiring, dce.box.ceyouthprograms.ypdata, dce.fsy.staffusers, dce.staff, dce.tableau.fsy, dce.yp.allusers, eag-ce-fsyfaculty, eag-ce-fsyhiring, eag-ce-fsyhiring-noreply"
program administrator,fsy programs,7,6,1,0.3077,0.475,0.75,1.5,"(full time, SUP_f55a357e) vs (full time, SUP_5cacd6a6)","dce.fsy.staffusers, dce.staff, dce.yp.staff","dce.admin, dce.box.cefsysessiondirectorsandteachers, dce.box.cevanvolunteers, dce.box.ceyouthprograms.ceefycoordinators, dce.fsy.adminusers, dce.tableau.fsy, dce.viscom.allusers, dce.yp.admin, dce.yp.administrators, dce.yp.allusers"
contract and hr specialist,human resources,3,2,1,0.2759,0.3077,0.4062,1.1875,"(full time, SUP_<missing>) vs (full time, SUP_8312ade0)","dce.fs.staff, hceb 403 and 413 computer ops, hceb rm 102 apc-bgs-eve, hceb rm 116 cashering and hr, is: student_employee_and_assistant","dce.accounting.allusers, dce.accounting.fulltime, dce.box.financialservices.ceregistration, dce.box.financialservices.registrationcallcenter, dce.cmp.infomgt, dce.hr.allusers, dce.reg.allusers, dcesg.fs, eag-ce-byuonlinereg, eag-ce-cehousing"
program coordinator,cw,2,2,1,0.0667,0.0667,0.0667,0.933333,"(student, SUP_a8e10c86) vs (student, SUP_1672be1a)",yes,"cw.allusers, dce-domainusers, dce.box.cw.adultconferences, dce.box.cw.cwdata, dce.box.cw.largeconferences, dce.box.cw.youthprograms, dce.cw.students, dce.student, hceb rm 240 storage, hceb rm b107 wc storage"
systems administrator,information technology,2,2,1,0.08,0.08,0.08,0.92,"(full time, SUP_f8feec84) vs (full time, SUP_0114ad6a)","ce-widen-admin, ce.box.cejerusalemcenter, dce-csr, dce-gpomanagers, dce-servicedesk, dce-userpropertiesmanagers, dce.box.ceteamwork, dce.box.cmp.allfiles, dce.box.cmp.systemsgroup, dce.cmp.aws","dce.as.coursecontent-fullaccess, dce.box.accreditation, dce.cmp.infomgt, dce.is.admin, dce.is.allusers, dce.is.dataentry, dce.is.designer, dce.is.frtdesksuper, dce.is.highschool, dce.is.instructorgraded"
associate controller,financial services,3,2,1,0.0909,0.1311,0.5854,0.829268,"(full time, SUP_<missing>) vs (full time, SUP_510c64de)","dce.accounting.allusers, dce.accounting.fulltime, dce.accoutning.accountants, dce.box.cefsydepartment, dce.box.cefsyshared, dce.box.cw.youthprograms, dce.box.financialservices.pogroup, dce.cw.admin, dce.cwallusers, dce.efy.admins","dce.cmp.infomgt, dce.financialservices.tableau, dce.fulltimeaccountants.tableau, dce.is.admin, dce.is.allusers, dce.is.customerrecovery, dce.is.dataentry, dce.is.highschool, dce.is.instructorgraded, dce.is.qualitycontrol"
office specialist ii,do,2,2,1,0.1818,0.1818,0.1818,0.818182,"(student, SUP_9d013bad) vs (student, SUP_207a26d3)",,"dce.box.cephonelisteditor, dce.box.deansleadershipcouncil, dce.box.deansofficecouncil, dce.box.deansofficedata, dce.cmp.resourcemasteradmin, dce.conferenceroomadmin, dce.vehicleadmin, eag-ce-dce.deans, hceb 3rd and 4th floor patios"
director,information technology,2,2,1,0.2,0.2,0.2,0.8,"(full time, SUP_5d56ab43) vs (full time, SUP_904858b0)","ce-widen-admin, dce-csr, dce.box.accreditation, dce.box.cemarketingandcustomersupport.hbcinforesources, dce.box.systemsgroup, dce.cmp.accessdivkioskfolder, dce.cmp.altirishelpdeskworker, dce.cmp.kioskadmin, dce.cmp.sccmorgadmin, dce.cmp.sccmtech","co: developer_manager, co: housing_employee, co: network_ops_staff, cw: award_financial_aid_non_credit, cw: director, cw: program_administrator, dce-domainusers, dce.cmp.developers, dce.cmp.orionsql, dce.cmp.teamlead"
student assistant ii,elc,2,2,1,0.2222,0.2222,0.2222,0.777778,"(student, SUP_87026c92) vs (student, SUP_dd5ea713)",elc: employee,"bgs, bgs.allusers, bgs: student assistant, dce.bgsev.roomscheduler, ev.allusers, hceb rm 102 apc-bgs-eve"
senior business analyst,financial services,2,1,1,0.2333,0.2333,0.2333,0.766667,"(full time, SUP_<missing>) vs (full time, SUP_4d73b2b5)","dce-gpomanagers, dce.box.cehrdata, dce.box.financialservices.cashiering, dce.box.financialservices.cecontrollersteam, dce.box.financialservices.hssinvoicing, dce.box.financialservices.pogroup, dce.cw.testprep, dce.fs.admin, eag-ce-ce, eag-ce-dce","cw: pm_administrator, cw: program_administrator, dce.accounting.accountants, dce.accounting.fulltime, dce.box.accreditation, dce.box.byuonline.registration, dce.box.ceefyregistration, dce.box.cw.youthprogram.festival, dce.box.financialservices.cebafinancialsystems, dce.cmp.infomgt"
program administrator,conferences and workshops,4,4,1,0.2326,0.3428,0.7812,0.65625,"(full time, SUP_b927ec6c) vs (full time, SUP_11e28b31)","cw: program administrator, cw: program assistant, dce.cw.edweek, dce.cw.largeconferences","ce@byu.edu, cw: pm_administrator, cw: program_administrator, dancecamps@byu.edu, dce-cw169.fulltime, dce.box.cw.largeconferences, dce.box.cw.youthprograms, dce.cw-edweek, dce.cw.staff, dce.cw.youthprograms"
administrative assistant,salt lake center,2,2,1,0.3889,0.3889,0.3889,0.611111,"(full time, SUP_b52495aa) vs (full time, SUP_efd1095e)","dce.box.slctesting, dce.slc.sccmorgadmin, dce.slc.systemsgroup, eag-slc-slcweb, slc-csr","dce.box.deansoffice.leadershipcouncil.cehistory, dce.box.slccenter, dce.box.slcfinancialassistancecommittee, dce.staff, hceb rm 102 apc-bgs-eve, hceb rm b112 bgs-eve-powwow"
program administrator iii,fsy programs,2,2,1,0.3913,0.3913,0.3913,0.608696,"(full time, SUP_aced3ce6) vs (full time, SUP_47aac350)","dce-localadmin, dce.box.ceefyfsyhistoricaldata, dce.box.cefsysessiondirectorsandteachers, dce.fsy.staffusers, dce.lsailusers, dce.staff, dce.tableau.fsy, eag-ce-fsydirectors, eag-ce-fsyfaculty, eag-ce-fsysessionadmins",
student assistant,cw,3,3,1,0.4,0.4667,0.7,0.6,"(student, SUP_434dec80) vs (student, SUP_1672be1a)","dce.cw-edweek, yes","cw.allusers, dce.box.cw.adultconferences, dce.box.cw.largeconferences, dce.box.cw.youthprograms, hceb rm 240 storage, hceb rm b107 wc storage, hceb rm b112 bgs-eve-powwow"
senior instructional designer,online learning,2,2,1,0.4615,0.4615,0.4615,0.538462,"(full time, SUP_6b0367d0) vs (full time, SUP_7e4c1412)",,"dce.academicproducts.tableau, dce.id.staff, dce.is.designer, dce.is.tableau, dce.tableau.independentstudy, dce.tableau.instructionaldesign, dce.writeto.is.byu.edu_courses_is_site_t_tasks_web, dce.writeto.isdev.byu.edu_courses_is_site_t_tasks_web, dcesg.is, hceb 3rd and 4th floor patios"
instructional designer,online learning,2,1,1,0.4815,0.4815,0.4815,0.518519,"(full time, SUP_<missing>) vs (full time, SUP_7e4c1412)","dce.id.staff, dce.staff","dce.admin, dce.as.academicservices.fulltime, dce.as.qdrive(courses)mapping, dce.is.admin, dce.is.speedback, dce.is.webprogrammers, dce.tableau.instructionaldesignfinancial, dce.writeto.isdev.byu.edu_courses_is_site_t_tasks_web, dcesg.is, eag-ce-mathdesign"
fsy office support specialist,fsy programs,2,2,1,0.5357,0.5357,0.5357,0.464286,"(full time, SUP_181d2a5f) vs (full time, SUP_f1809212)","dce.box.ceefyfsyhistoricaldata, dce.fsy.adminusers, eag-ce-efyfinanaicalaid, fsy: hiring planner, fsy: hiring_planner, hceb rm 248 work room","dce.box.cefsyregistration, dce.box.ceyouthprograms.ceefycoordinators, dce.fsy.staffusers, eag-ce-fsyadministrator1, eag-ce-fsydamage, eag-ce-fsyhealthstaff, fsy: program_assistant"
jerusalem center,jerusalem center,2,2,1,0.5714,0.5714,0.5714,0.428571,"(full time, SUP_8e013215) vs (full time, SUP_c4564c54)",,"ce.box.cejerusalemcenter, dcesg.cw352, jc: program_administrator"
testing center clerk,salt lake center,2,1,1,0.8,0.8,0.8,0.2,"(full time, SUP_<missing>) vs (full time, SUP_525d3d82)",dce.box.cecceess,dce.cceess
student planner,cw,2,2,1,0.8182,0.8182,0.8182,0.181818,"(student, SUP_398952a3) vs (student, SUP_88991587)",hceb rm b107 wc storage,conferences & workshops
"accountant i, ii",financial services,2,2,1,0.8333,0.8333,0.8333,0.166667,"(student, SUP_437ec82e) vs (student, SUP_e7525e93)",fsy: student accountant,
communications manager,marketing & customer support,2,2,1,0.88,0.88,0.88,0.12,"(full time, SUP_b70b8d9a) vs (full time, SUP_70fb1ff4)","dce.is.admin, dce.isresponse, dcesg.is",
associate director research & assessment business information developer,"research, planning & assessment",2,1,1,0.9333,0.9333,0.9333,0.066667,"(full time, SUP_<missing>) vs (full time, SUP_50d00d8c)",,reda
senior manager strategic marketing,marketing & customer support,2,1,1,0.9375,0.9375,0.9375,0.0625,"(full time, SUP_<missing>) vs (full time, SUP_c2da7995)",dce.tableau.ce marketing & customer suppor,
student assistant ii,mcs,4,3,1,0.2105,0.3333,1.0,0.0,"(student, SUP_8de1e4f8) vs (student, SUP_62d71b08)","dce.isresponse, dce.writeto.isdev.byu.edu_courses_is_site_t_tasks_web, eag-ce-byuo_highschool, eag-ce-cecsfax, eag-ce-dcesupport, eag-ce-efy, eag-ce-indstudy, eag-ce-is_tech, fs: customer support supervisor, is: hs counselor support","dce.is.tableau, dce.marketingcommunications.tableau, marketing & customer support"
customer support supervisor,marketing & customer support,3,3,1,0.9655,0.9655,1.0,0.0,"(full time, SUP_b927ec6c) vs (full time, SUP_4e9d1319)",eag-ce-cecsfax,
byu ohs teacher,byu online high school,3,2,1,0.9231,0.9231,1.0,0.0,"(full time, SUP_<missing>) vs (full time, SUP_f7a58b5f)",,dce.box.byuonlinehs
academic product manager,academic products development,2,2,1,1.0,1.0,1.0,0.0,,,
dean,dean's office,2,2,1,1.0,1.0,1.0,0.0,,,
peer mentor grad asst,as,2,2,1,1.0,1.0,1.0,0.0,,,
academic advisor,salt lake center,1,1,1,1.0,1.0,1.0,0.0,,,
academic advisor ii,bgs / evening classes,1,1,1,1.0,1.0,1.0,0.0,,,
academic and admissions advisor,salt lake center,1,1,1,1.0,1.0,1.0,0.0,,,
academic contracts coordinator,bgs / evening classes,1,1,1,1.0,1.0,1.0,0.0,,,
"academic outreach, sales rep",marketing & customer support,1,1,1,1.0,1.0,1.0,0.0,,,
academic product manager,byu online,1,1,1,1.0,1.0,1.0,0.0,,,
"academic product manager, director of online learning",byu online,1,1,1,1.0,1.0,1.0,0.0,,,
academic sys lead software engineer,information technology,1,1,1,1.0,1.0,1.0,0.0,,,
academic syst. software engineer,information technology,1,1,1,1.0,1.0,1.0,0.0,,,
academic systems manager,information technology,1,1,1,1.0,1.0,1.0,0.0,,,
academic systems tech solutions engineer,ce information technology,1,1,1,1.0,1.0,1.0,0.0,,,
account manager,marketing & customer support,1,1,1,1.0,1.0,1.0,0.0,,,
"accountant i,ii",financial services,1,1,1,1.0,1.0,1.0,0.0,,,
administrative assistant,marketing & customer support,1,1,1,1.0,1.0,1.0,0.0,,,
administrative assistant/office supervisor,fsy programs,1,1,1,1.0,1.0,1.0,0.0,,,
advising program administrator,bgs / evening classes,1,1,1,1.0,1.0,1.0,0.0,,,
animator,multimedia services,1,1,1,1.0,1.0,1.0,0.0,,,
animator? / media production specialist,multimedia services,1,1,1,1.0,1.0,1.0,0.0,,,
architect/dba,information technology,1,1,1,1.0,1.0,1.0,0.0,,,
artist,multimedia services,1,1,1,1.0,1.0,1.0,0.0,,,
"assistant director, business systems & hr",human resources,1,1,1,1.0,1.0,1.0,0.0,,,
"assistant director, business systems & hr",marketing & customer support,1,1,1,1.0,1.0,1.0,0.0,,,
assistant manager education services,online learning,1,1,1,1.0,1.0,1.0,0.0,,,
assoc instructional designer,ce is course development,1,1,1,1.0,1.0,1.0,0.0,,,
assoc. instructional designer,online learning,1,1,1,1.0,1.0,1.0,0.0,,,
associate dean,dean's office,1,1,1,1.0,1.0,1.0,0.0,,,
associate director research & assessment,classroom & enrolled std. svcs.,1,1,1,1.0,1.0,1.0,0.0,,,
associate director research & assessment,"research, planning & assessment",1,1,1,1.0,1.0,1.0,0.0,,,
associate general counsel,dean's office,1,1,1,1.0,1.0,1.0,0.0,,,
associate instructional desginer,online learning,1,1,1,1.0,1.0,1.0,0.0,,,
associate instructional designer,online learning,1,1,1,1.0,1.0,1.0,0.0,,,
associate instructional designer: hs ksa,online learning,1,1,1,1.0,1.0,1.0,0.0,,,
asst. director inst. design,online learning,1,1,1,1.0,1.0,1.0,0.0,,,
bgs program administrator,bgs / evening classes,1,1,1,1.0,1.0,1.0,0.0,,,
broadcast & video prod. manager,multimedia services,1,1,1,1.0,1.0,1.0,0.0,,,
broadcast & video production manager,multimedia services,1,1,1,1.0,1.0,1.0,0.0,,,
business information developer,"research, planning & assessment",1,1,1,1.0,1.0,1.0,0.0,,,
business intelligence data engineer,"ce research, evaluation & data analytics",1,1,1,1.0,1.0,1.0,0.0,,,
business intelligence developer,"research, planning & assessment",1,1,1,1.0,1.0,1.0,0.0,,,
byu online academics manager,byu online,1,1,1,1.0,1.0,1.0,0.0,,,
byu online courses administrator,byu online,1,1,1,1.0,1.0,1.0,0.0,,,
"cashier i, ii",financial services,1,1,1,1.0,1.0,1.0,0.0,,,
cashiering supervisor,financial services,1,1,1,1.0,1.0,1.0,0.0,,,
ce business services,financial services,1,1,1,1.0,1.0,1.0,0.0,,,
ce english language center office specialist ii,elc,1,1,1,1.0,1.0,1.0,0.0,,,
ce strategic marketing communications,ce business services,1,1,1,1.0,1.0,1.0,0.0,,,
client relations mgr/bus analyst,information technology,1,1,1,1.0,1.0,1.0,0.0,,,
computer lab attendant,salt lake center,1,1,1,1.0,1.0,1.0,0.0,,,
computer programmer,byuo,1,1,1,1.0,1.0,1.0,0.0,,,
computer programmer,financial services,1,1,1,1.0,1.0,1.0,0.0,,,
computer programmer,information technology,1,1,1,1.0,1.0,1.0,0.0,,,
computer programmer,rpa,1,1,1,1.0,1.0,1.0,0.0,,,
computing specialist,financial services,1,1,1,1.0,1.0,1.0,0.0,,,
computing specialist,information technology,1,1,1,1.0,1.0,1.0,0.0,,,
conference assistant,cw,1,1,1,1.0,1.0,1.0,0.0,,,
conference center manager,conference center,1,1,1,1.0,1.0,1.0,0.0,,,
conference center secretary,conference center,1,1,1,1.0,1.0,1.0,0.0,,,
continuous quality improvement manager,online learning,1,1,1,1.0,1.0,1.0,0.0,,,
copyright licensing administrator,dean's office,1,1,1,1.0,1.0,1.0,0.0,,,
creative producer,multimedia services,1,1,1,1.0,1.0,1.0,0.0,,,
creative specialist,multimedia services,1,1,1,1.0,1.0,1.0,0.0,,,
customer service rep i,mcs,1,1,1,1.0,1.0,1.0,0.0,,,
customer service rep ii,mcs,1,1,1,1.0,1.0,1.0,0.0,,,
customer service rep student assistant ii,financial services,1,1,1,1.0,1.0,1.0,0.0,,,
customer support administrator,marketing & customer support,1,1,1,1.0,1.0,1.0,0.0,,,
data entry specialist,mcs,1,1,1,1.0,1.0,1.0,0.0,,,
data entry specialist,multimedia services,1,1,1,1.0,1.0,1.0,0.0,,,
department secretary,dean's office,1,1,1,1.0,1.0,1.0,0.0,,,
design manager,multimedia services,1,1,1,1.0,1.0,1.0,0.0,,,
developer ii,information technology,1,1,1,1.0,1.0,1.0,0.0,,,
development team lead,information technology,1,1,1,1.0,1.0,1.0,0.0,,,
director,marketing & customer support,1,1,1,1.0,1.0,1.0,0.0,,,
director,"research, planning & assessment",1,1,1,1.0,1.0,1.0,0.0,,,
director c&w,conferences and workshops,1,1,1,1.0,1.0,1.0,0.0,,,
director efy programs,efy programs,1,1,1,1.0,1.0,1.0,0.0,,,
director fsy programs,fsy programs,1,1,1,1.0,1.0,1.0,0.0,,,
"director, classroom & ce enrolled std. svcs",classroom & enrolled std. svcs.,1,1,1,1.0,1.0,1.0,0.0,,,
division controller,financial services,1,1,1,1.0,1.0,1.0,0.0,,,
editorial assistant i editorial assistant ii,multimedia services,1,1,1,1.0,1.0,1.0,0.0,,,
elc office specialist iv,elc,1,1,1,1.0,1.0,1.0,0.0,,,
employment services rep,financial services,1,1,1,1.0,1.0,1.0,0.0,,,
english teacher,byu online high school,1,1,1,1.0,1.0,1.0,0.0,,,
evening academic program administrator,salt lake center,1,1,1,1.0,1.0,1.0,0.0,,,
evening class program admin,bgs / evening classes,1,1,1,1.0,1.0,1.0,0.0,,,
finance operations specialist,financial services,1,1,1,1.0,1.0,1.0,0.0,,,
flexge program administrator,salt lake center,1,1,1,1.0,1.0,1.0,0.0,,,
flexge program assistant,cceess,1,1,1,1.0,1.0,1.0,0.0,,,
flexge program manager,ce assoc dean oviatt,1,1,1,1.0,1.0,1.0,0.0,,,
front office supervisor,salt lake center,1,1,1,1.0,1.0,1.0,0.0,,,
fsy assistant director,fsy programs,1,1,1,1.0,1.0,1.0,0.0,,,
fsy hiring team member,fsy programs,1,1,1,1.0,1.0,1.0,0.0,,,
fsy hr administrator,human resources,1,1,1,1.0,1.0,1.0,0.0,,,
fsy interview team member,especially for youth,1,1,1,1.0,1.0,1.0,0.0,,,
"grad asst - legal, media arts",do,1,1,1,1.0,1.0,1.0,0.0,,,
"grad asst - legal, media grad asst - research hour",mcs,1,1,1,1.0,1.0,1.0,0.0,,,
"grad asst - library, inst grad asst - bus & financial op",apd,1,1,1,1.0,1.0,1.0,0.0,,,
grad asst - teaching cont,apd,1,1,1,1.0,1.0,1.0,0.0,,,
grad asst - teaching hourly teaching assistant tutor,byuo,1,1,1,1.0,1.0,1.0,0.0,,,
gram,financial services,1,1,1,1.0,1.0,1.0,0.0,,,
graphic desiger ii office specialist i,ce design (multimedia services),1,1,1,1.0,1.0,1.0,0.0,,,
high school programs manager,byu online high school,1,1,1,1.0,1.0,1.0,0.0,,,
history teacher,byu online high school,1,1,1,1.0,1.0,1.0,0.0,,,
human resources assistant,financial services,1,1,1,1.0,1.0,1.0,0.0,,,
incident specialist,fsy programs,1,1,1,1.0,1.0,1.0,0.0,,,
"inst. designer: hs science & career, tech. ed.",online learning,1,1,1,1.0,1.0,1.0,0.0,,,
instructional designer,ce is course development,1,1,1,1.0,1.0,1.0,0.0,,,
instructional designer,ce online learning,1,1,1,1.0,1.0,1.0,0.0,,,
"instructional designer: hs, byu-o, hs, univ: world languages",online learning,1,1,1,1.0,1.0,1.0,0.0,,,
instructional designer: math courses,online learning,1,1,1,1.0,1.0,1.0,0.0,,,
instructional media manager,multimedia services,1,1,1,1.0,1.0,1.0,0.0,,,
instructional media specialist,multimedia services,1,1,1,1.0,1.0,1.0,0.0,,,
instructor & training support coordinator,online learning,1,1,1,1.0,1.0,1.0,0.0,,,
it help desk supervisor,information technology,1,1,1,1.0,1.0,1.0,0.0,,,
it project assistant ii,financial services,1,1,1,1.0,1.0,1.0,0.0,,,
it project manager,information technology,1,1,1,1.0,1.0,1.0,0.0,,,
jennie voorhis,jennie voorhis,1,1,1,1.0,1.0,1.0,0.0,,,
jr. account manager,mcs,1,1,1,1.0,1.0,1.0,0.0,,,
lab supervisor,byuo,1,1,1,1.0,1.0,1.0,0.0,,,
lead architect/dba,information technology,1,1,1,1.0,1.0,1.0,0.0,,,
lead student,bgs,1,1,1,1.0,1.0,1.0,0.0,,,
lead student,byuo,1,1,1,1.0,1.0,1.0,0.0,,,
lead student,multimedia services,1,1,1,1.0,1.0,1.0,0.0,,,
learning assistant supervisor,academic products development,1,1,1,1.0,1.0,1.0,0.0,,,
librarian,salt lake center,1,1,1,1.0,1.0,1.0,0.0,,,
library assistant,salt lake center,1,1,1,1.0,1.0,1.0,0.0,,,
manager educational services,online learning,1,1,1,1.0,1.0,1.0,0.0,,,
managing director of finance & business svcs,dean's office,1,1,1,1.0,1.0,1.0,0.0,,,
marketing assistant,mcs,1,1,1,1.0,1.0,1.0,0.0,,,
marketing coordinator,marketing & customer support,1,1,1,1.0,1.0,1.0,0.0,,,
math teacher,byu online high school,1,1,1,1.0,1.0,1.0,0.0,,,
media production specialist,apd,1,1,1,1.0,1.0,1.0,0.0,,,
media production specialist,multimedia services,1,1,1,1.0,1.0,1.0,0.0,,,
multi-media production manager,multimedia services,1,1,1,1.0,1.0,1.0,0.0,,,
office specialist i,apd,1,1,1,1.0,1.0,1.0,0.0,,,
office specialist i,bgs,1,1,1,1.0,1.0,1.0,0.0,,,
office specialist i,especially for youth,1,1,1,1.0,1.0,1.0,0.0,,,
office specialist ii,jc,1,1,1,1.0,1.0,1.0,0.0,,,
office specialist iii office supervisor iii,especially for youth,1,1,1,1.0,1.0,1.0,0.0,,,
photographer,multimedia services,1,1,1,1.0,1.0,1.0,0.0,,,
production editor,marketing & customer support,1,1,1,1.0,1.0,1.0,0.0,,,
production editor,online learning,1,1,1,1.0,1.0,1.0,0.0,,,
production process manager,online learning,1,1,1,1.0,1.0,1.0,0.0,,,
program admin iii - logistics,ce fsy logistics [fsy programs],1,1,1,1.0,1.0,1.0,0.0,,,
"program admin, professional ed",conferences and workshops,1,1,1,1.0,1.0,1.0,0.0,,,
program administrator,efy programs,1,1,1,1.0,1.0,1.0,0.0,,,
program administrator ii,fsy programs,1,1,1,1.0,1.0,1.0,0.0,,,
program administrator iii,conferences and workshops,1,1,1,1.0,1.0,1.0,0.0,,,
program administrator iii,efy programs,1,1,1,1.0,1.0,1.0,0.0,,,
program assistant,efy programs,1,1,1,1.0,1.0,1.0,0.0,,,
program assistant - logistics,ce fsy logistics,1,1,1,1.0,1.0,1.0,0.0,,,
program coordinator,efy,1,1,1,1.0,1.0,1.0,0.0,,,
program coordinator office coordinator,especially for youth,1,1,1,1.0,1.0,1.0,0.0,,,
project assistant,con,1,1,1,1.0,1.0,1.0,0.0,,,
project assistant,cw,1,1,1,1.0,1.0,1.0,0.0,,,
project assistant,especially for youth,1,1,1,1.0,1.0,1.0,0.0,,,
public relations rep,con,1,1,1,1.0,1.0,1.0,0.0,,,
purchasing and travel,purchasing services,1,1,1,1.0,1.0,1.0,0.0,,,
purchasing and travel,travel services,1,1,1,1.0,1.0,1.0,0.0,,,
quality control analyst,online learning,1,1,1,1.0,1.0,1.0,0.0,,,
"quality control inspector i, ii",apd,1,1,1,1.0,1.0,1.0,0.0,,,
receptionist,as,1,1,1,1.0,1.0,1.0,0.0,,,
receptionist,cw,1,1,1,1.0,1.0,1.0,0.0,,,
registration & student rec specialist,financial services,1,1,1,1.0,1.0,1.0,0.0,,,
registration call center supervisor,financial services,1,1,1,1.0,1.0,1.0,0.0,,,
science teacher,byu online high school,1,1,1,1.0,1.0,1.0,0.0,,,
secretary ii,jc,1,1,1,1.0,1.0,1.0,0.0,,,
senior business analyst,human resources,1,1,1,1.0,1.0,1.0,0.0,,,
senior inst. designer,online learning,1,1,1,1.0,1.0,1.0,0.0,,,
"senior inst. designer (hs): byu o, hs, univ: world languages",online learning,1,1,1,1.0,1.0,1.0,0.0,,,
senior inst. designer (university),online learning,1,1,1,1.0,1.0,1.0,0.0,,,
senior inst. designer: hs social sciences,online learning,1,1,1,1.0,1.0,1.0,0.0,,,
senior instructional designer (hs),online learning,1,1,1,1.0,1.0,1.0,0.0,,,
"senior instructional designer: hs english, financial lit.",online learning,1,1,1,1.0,1.0,1.0,0.0,,,
senior software engineer,information technology,1,1,1,1.0,1.0,1.0,0.0,,,
senior systems administrator,information technology,1,1,1,1.0,1.0,1.0,0.0,,,
service area & control supervisor finance mgr,financial services,1,1,1,1.0,1.0,1.0,0.0,,,
social media writer,bgs,1,1,1,1.0,1.0,1.0,0.0,,,
software development manager,information technology,1,1,1,1.0,1.0,1.0,0.0,,,
specialty travel consultant,travel services,1,1,1,1.0,1.0,1.0,0.0,,,
stockroom clerk,especially for youth,1,1,1,1.0,1.0,1.0,0.0,,,
stockroom clerk ii,especially for youth,1,1,1,1.0,1.0,1.0,0.0,,,
student & auxillary services admin,salt lake center,1,1,1,1.0,1.0,1.0,0.0,,,
student advisor student manager,elc,1,1,1,1.0,1.0,1.0,0.0,,,
student assistant,apd,1,1,1,1.0,1.0,1.0,0.0,,,
student assistant,as,1,1,1,1.0,1.0,1.0,0.0,,,
student assistant ii,apd,1,1,1,1.0,1.0,1.0,0.0,,,
student assistant ii,as,1,1,1,1.0,1.0,1.0,0.0,,,
student assistant ii,do,1,1,1,1.0,1.0,1.0,0.0,,,
student assistant ii,ohs,1,1,1,1.0,1.0,1.0,0.0,,,
student assistant ii office coordinator,efy,1,1,1,1.0,1.0,1.0,0.0,,,
student assistant program coordinator,cw,1,1,1,1.0,1.0,1.0,0.0,,,
student graphic designer,multimedia services,1,1,1,1.0,1.0,1.0,0.0,,,
student instructor,cw,1,1,1,1.0,1.0,1.0,0.0,,,
student manager,apd,1,1,1,1.0,1.0,1.0,0.0,,,
student services receptionist,salt lake center,1,1,1,1.0,1.0,1.0,0.0,,,
student services specialist,ce bachelor of general studies,1,1,1,1.0,1.0,1.0,0.0,,,
student success coach,online learning,1,1,1,1.0,1.0,1.0,0.0,,,
student success manager,online learning,1,1,1,1.0,1.0,1.0,0.0,,,
student success supervisor,online learning,1,1,1,1.0,1.0,1.0,0.0,,,
student supervisor,as,1,1,1,1.0,1.0,1.0,0.0,,,
student supervisor,byuo,1,1,1,1.0,1.0,1.0,0.0,,,
student supervisor,cw,1,1,1,1.0,1.0,1.0,0.0,,,
studio/broadcast av tech,multimedia services,1,1,1,1.0,1.0,1.0,0.0,,,
support consultant,marketing & customer support,1,1,1,1.0,1.0,1.0,0.0,,,
teaching assistant,as,1,1,1,1.0,1.0,1.0,0.0,,,
team lead,as,1,1,1,1.0,1.0,1.0,0.0,,,
tech. & library services admin,salt lake center,1,1,1,1.0,1.0,1.0,0.0,,,
tech/media/visual/audio,multimedia services,1,1,1,1.0,1.0,1.0,0.0,,,
test prep coordinator,cw,1,1,1,1.0,1.0,1.0,0.0,,,
testing & proctor supervisor,online learning,1,1,1,1.0,1.0,1.0,0.0,,,
testing center asst. superfvisor,salt lake center,1,1,1,1.0,1.0,1.0,0.0,,,
testing center asst. supervisor,salt lake center,1,1,1,1.0,1.0,1.0,0.0,,,
testing center supervisor,salt lake center,1,1,1,1.0,1.0,1.0,0.0,,,
testing services manager,marketing & customer support,1,1,1,1.0,1.0,1.0,0.0,,,
training development manager,human resources,1,1,1,1.0,1.0,1.0,0.0,,,
transcriptionist,multimedia services,1,1,1,1.0,1.0,1.0,0.0,,,
tutor,as,1,1,1,1.0,1.0,1.0,0.0,,,
tutor & ta services core subjects supervisor,online learning,1,1,1,1.0,1.0,1.0,0.0,,,
ui/ux designer,information technology,1,1,1,1.0,1.0,1.0,0.0,,,
videographer,multimedia services,1,1,1,1.0,1.0,1.0,0.0,,,
visiting student program admin,financial services,1,1,1,1.0,1.0,1.0,0.0,,,
web accessability assistant,apd,1,1,1,1.0,1.0,1.0,0.0,,,
web accessability assistant or instructional design assistatn,apd,1,1,1,1.0,1.0,1.0,0.0,,,
web application developer,information technology,1,1,1,1.0,1.0,1.0,0.0,,,
writer,fbs,1,1,1,1.0,1.0,1.0,0.0,,,
writer,multimedia services,1,1,1,1.0,1.0,1.0,0.0,,,
computer lab attendant,information technology,1,0,1,1.0,1.0,1.0,0.0,,,
instructional designer,byu online,1,0,1,1.0,1.0,1.0,0.0,,,
office specialist iii,jerusalem center,1,0,1,1.0,1.0,1.0,0.0,,,
stnds align spec & sr instr de,marketing & customer support,1,0,1,1.0,1.0,1.0,0.0,,,
stockroom clerk ii lead student (tentative),mcs,1,0,1,1.0,1.0,1.0,0.0,,,
student success coordinator,online learning,1,0,1,1.0,1.0,1.0,0.0,,,
